product_name,price,about_product,reviews,rating
"Amal Training Beads Vibrating Pearls Remote Control Massager for Men Massage Plugs 10 Speeds Powerful Personal Toys, √Än√¢les-Pl√πg ???r???rs",15.15,"Massage Portable for Men waterproof prostata Masser Toy with multiple models
Great experience: The compact design, refined and ergonomic design and styling will impress you and bring you a lot of fun.
Safe and soft: Our products are made of high-quality materials, are safe and odourless, soft and skin-friendly and feel like the skin.
Waterproof design: Can be used easily in the bathroom, soft and comfortable, easy to insert, exquisite and portable.
Privacy packaging: Our packaging is very personal and we do everything we can to protect the privacy of our guests.",[],0.0
2 pairs ~ super suction stainless steel magnet ball,10.99,"Features: Powerful magnetic ball contains powerful magnetic force, you can put them in the air to hear their buzzing, do tricks by hand, just as there are magnets on each side of your finger Keeps chasing other magnetic ball.
material: metal
Size: 1cm diameter
Color: silver
Package includes: 4 Electromagnetic Balls",[],0.0
"Relaxation balls kitƒÖƒõƒõ diƒÖmƒÖ≈Üt mƒótƒÖƒó≈Ü ƒódƒóƒóƒóƒó≈Ü ƒÖcijcijƒó≈Ü ƒÖƒáƒáƒóƒõƒõƒõ hƒÖ≈Üƒ°ƒóƒó mƒÖ≈Üƒ°ƒó mƒÖ≈Üƒõƒõƒót,üéÑlƒôur-Willƒôkƒôurig",19.99,This toy can provide more comfort and stimulation in every movement.,[],0.0
Male Pl√∫g √Än√¢l√© Woman Lovely P-l-√π-g An√†-l-√™ per-l√™s An√†-l-√™s F√™m-me Hom-me D√™b-u-t√†nt Sili-con√™ V√Øb-r-√¢nt Gon-fl√¢ble M√¢-SS-EUR de P-Rost-√†te Pl√∫g B√ªtt Pl√ªg,28.53,"Remote control: Simple one-button design, easy to use.
Multi-vibration mode: Vibration modes, precise, powerful motor. Make your experience more exciting.
Multifunctional Massager - This massager has a powerful vibration motor that can stimulate 3 contact points on the back, stimulate sensitive areas of the back and give you more fun.
100% Waterproof Design: This means you don't have to stop having fun while bathing, you can even use it in swimming pools and the sea.
Material: medical grade silicone, odorless, not easily deformed or cracked. It does not harm the human body and you will enjoy its elasticity and softness.",[],0.0
"PlU? An√§l√´ V√Æbr√§nt pour Homme Femme Silicone, Grande Taille Silicone But-t XXL S√©xtoys√© Homme V√¨br√≤m√§ss?ur A√±a?√© Prost-√§te M√§s?√´ur V√Æbrant Puissant E?l√´c?r?r?q?e sans Fil",22.87,"Smooth, easy to insert surface: smooth, absolutely burr-free cone head allows it to be inserted into the anus more easily and smoothly. The heart-shaped base prevents unwanted slipping and stimulates your perineum while you wear it for twice as heavenly pleasure.
Safe, clean material: made of high quality aluminum alloy, safe, harmless, odorless and easier to clean than silicone. Soak in cold or warm water before use. Alternating hot and cold, two extreme experiences.
Secret packaging: Our products are packed in black bags, so that other people cannot see what's inside. They do not contain vocabulary and no product information, so you don't have to worry about leaks of confidentiality!
Give her a different kind of pleasure: for her, wearing a cap excites the nerve endings and reassures her. Challenge the buttocks with a longer, thicker rod. And then move on to the big plug to push your back door boundaries to the limit!",[],0.0
"EIS, anal toy, tunnel anal plug - made of metal, tunnel design, exciting structure, Size:M",12.99,"stable material
wavy structure
easy to use
versatile tunnel design
play safe thanks to a wide base",[],0.0
"DAIKK D√≠lƒë≈Ø Dild√≤s T√†p√≥n Hinch√†bl√© D√© Silic√≤n√† P√†r√† H√≤mbr√© Y Muj√©r, B√ºtt √Än√†l√© Plug D√© Silic√≤n√† Gr√†nd√© P√†r√† H√≤mbr√© Y Muj√©r ≈ûx T√¥y≈ü Xl Xxl S4T",20.0,"Modos de Vibraci√≥n de Frecuencia M√∫ltiple: Este Producto Tiene un Potente Motors√≠smico Y Diferentes Modos de Vibraci√≥n, Que Pueden Diferentes Sensaciones, Puede Elegir el Modo R√°pido, Estable O Lento Y Encontrar el M√°s C√≥modo Y Adecudo ado para Usted.
Impermeable Y Silencioso: Es Resistente Al Agua Y Se Puede Limpiar sin Esfuerzo en el Agua, Como en la Ducha, en el Ba√±o O en la Piscina, Este Producto Es Muy Silencioso Incluso en el Modo M√°s Potente.
Material Seguro Y Superior: el Producto Est√° Hecho de Material de Silicona de para la Seguridad Del Cuerpo Humano, Tiene una Sensaci√≥n Suave Y Similar a la Piel Y Es Muy F√°cil de Limpiar.
Carga R√°pida Usb: Carga Magn√©tica por Usb, Puedes Cargar el Juguete Conect√°ndolo Al Cargador Del Tel√©fono, Al Ordenador, Al Banco de Energ√≠a O Incluso Al Cargador de Coche, Nunca Tendr√°s Que Buscar Pilas.
Mant√©n Secretos Y Embalajes Privados: Tendremos una Caja Sellada Dedicada, un Embalaje sin Marcar, una Entrega Confidencial Y Pedidos Expresados sin Dejar Palabras Sensibles.","[{'title': 'Maatje meer', 'text': 'Dit is een zeer goed product om vaginaal een maatje meer te krijgen, zeer prettig om de gehele dag door te dragen tijdens werk / thuis / uitgaan.Zeer makkelijk om meer lucht er in te pompen voor meer omvang/volume.Zeer prettig gevoel door zeer grote omvang in mij te hebben.', 'rating': 5.0}]",5.0
Inflatable Pl'√πg Kit √Än√¢les-Pl√∫g Silicone √Äm√†l Didos √ê√≠l'd? B-√ºtt Saxx for Women and Men,23.59,"Material: skin-friendly silicone. Made of non-toxic polymer materials, harmless and safe to use. Soft and elastic, no skin damage
‚ù§Rechargeable USB design: easy to clean for reuse. Quick and easy to charge with USB cable. Super elastic, durable, waterproof and reusable.
‚ù§ Powerful Multi-Speed Motor: The rechargeable multi-speed model is designed to please both partners.
‚ù§Best Gift: frosted texture with luxury packaging, definitely the best gift for boyfriend or husband; makes your life much more interesting
‚ù§ Multi-Speed & Strong Motor - The multi-speed rechargeable model with dual massagers is designed to please both partners.",[],0.0
"Lubido Original Water Based Lubricant, Paraben Free, Intimate Gel ‚Äì 250 ml (Pack of 2)",13.96,"FAVORITE UNDER FANS ‚Äì top rated water-based gel formula, for long-lasting, hassle-free, all-round lubricant
VEGAN-FRIENDLY, PARABEN-FRIENDLY & HYPOALLERGENIC ‚Äì a reliable and accessible lubricant that everyone loves
SAFE FOR CONDOMS & TOYS ‚Äì we offer you safe fun, you do the rest
MAKE SEX EVEN INTENSER ‚Äì once you've used lube in all the pleasurable ways to have sex you'll never want to be without it again
EASY LOCK & UNLOCK PUMP WITH CLIP ‚Äì no more hassle halfway through the deed. It's the little things that keep your sexual tricks going without the hassle
DOES NOT STAIN & ODORLESS ‚Äì a gel lubricant that allows unlimited enjoyment
HYGIENICALLY PACKED & TESTED IN LABORATORY ‚Äì during your moments of fun, this is a water-based lubricant you can rely on
DISCRETLY PACKAGED ‚Äì only you know what kind of lubricant awaits you","[{'title': 'Slip & slide', 'text': 'Did the job!', 'rating': 5.0}, {'title': 'Gewoon goed', 'text': 'Gewoon goed.', 'rating': 5.0}, {'title': 'Feels good', 'text': 'Love it', 'rating': 5.0}, {'title': 'Plakt en laat residu achter', 'text': ""Goedkoop, maar laat het 'goed' maar achterwege. Droogt snel uit en laat een soort van residu achter.Voor mij geen Lubido meer."", 'rating': 3.0}, {'title': 'Chemische geur en plakt enorm', 'text': 'Na binnenkomst getest, zit een enorm chemische geur aan en dit glijmiddel plakt enorm! Voor mij zeker geen aanrader voor andere!', 'rating': 1.0}, {'title': 'Lubido', 'text': 'Hoge prijs', 'rating': 2.0}, {'title': 'Amazing', 'text': 'Very nice and long lasting', 'rating': 5.0}, {'title': 'Enorme huidirritatie', 'text': 'Een tijd lang naar tevredenheid gebruikt, maar veroorzaakt steeds meer huidirritatie.Wegwassen met water en zeep helpt niet.Erg jammer want het was prima voor toys.', 'rating': 1.0}, {'title': 'Title not found', 'text': 'bon produit', 'rating': 5.0}, {'title': 'Title not found', 'text': 'Buena calidad y buen precio', 'rating': 5.0}, {'title': 'Title not found', 'text': 'inte b√§sta', 'rating': 5.0}, {'title': 'Title not found', 'text': 'Tr√®s bon lubrifiant bonne sensation', 'rating': 5.0}, {'title': 'Title not found', 'text': 'Ottimo prodottoLo consiglio', 'rating': 5.0}]",4.5
Powerful Vibration to~AL BU~TT Pl~UG Silicone Beads Toys for Women for Men Amal Pl~ugs Vi~Bra~tor for S~ex Beginners Sexy for Adults Couples AD8D,39.58,"‚ô• S√®kssp√®eltjes for women √Ön√¢lvibr√¢t√∂r v√Æbrat√≥r for par√®n G-sp√≥t and cl√Æt√≥ris vibr√†t√≥r √Ön√¢ld√∂sport- vo√≥r vr√≥uw√®n v√Æbrat√≥r v√Æbr√†tors er√≥t√Æsch√® s√®kssp√®elelele g√≥ed v√≥ed or √Ön√¢lplplg vr√≥uw√®n
‚ô• Multiple frequencies vibration powerful motor create different feelings, you can enjoy all kinds of stimulation and find your favorite.
‚ô• Safe and Superior Material: Made of medical grade soft high-quality silicone, feels like real skin, it feels soft, smooth and very comfortable.
‚ô• Appropriate Portable Size: Easy to carry to secretly enjoy your massager anywhere because of the suitable size.
‚ô• Waterproof & Whisper Quiet: This item is a high degree of water resistant and good anti-corrosive property. It is also in the most powerful mode very quiet, do not worry about disturbing others.",[],0.0
"FUCHSI Klistier met 3 verschillende opzetstukken, anale spoeling van medische siliconen, hygi√´nisch en BPA-vrij, klysma met 225 ml, optimale darmreiniging van natuurlijk laxeermiddel, darmklysma",10.82,"Bijzonder grondige reiniging: met behulp van de Fuchsi klysma geleid je heel gemakkelijk vloeistof over de anus in de darm ‚Äì voor een bijzonder eenvoudige en grondige reiniging van de darmen. De verschillende opzetstukken maken een voor jou zo aangenaam mogelijk mogelijk spoelen.
Eenvoudig in gebruik: door het licht opgeruwde oppervlak van de Fuchsi klysbal is hij bijzonder gripvast en ligt hij tijdens de behandeling goed in de hand. Na uw bestelling sturen wij u een gedetailleerde gebruiksaanwijzing per e-mail toe. Na gebruik moet de set grondig met water en een beetje milde zeep worden gereinigd.
Uitgebreide set: onze klystier-kit bevat een klysmeerbal met 225 ml inhoud van medische siliconen en drie verschillende opzetstukken. Een bijzonder zachte klysmeerspuit van 11,5 cm, een kort klysma opzetstuk van 7 cm en een lange klysmeerpunt van 15 cm garanderen een zeer grondige spoeling van de darm. Voor een bijzonder eenvoudige en zorgvuldige reiniging van de gebruiksvoorwerpen bevat de Fuchsi klysma set bovendien een reinigingsborstel.
Waar een inloop? : Het klysma dient bijvoorbeeld voor de behandeling van verstoppingen, darmproblemen, obstipatie of darmdraagheid. Vaak wordt het uitgevoerd ter voorbereiding op een urologisch, r√∂ntgenologisch of gynaecologisch onderzoek of een rectoscopie. Bovendien werkt het ondersteunend bij een vastenkuur, zoals helende vasten of wordt het gebruikt voor lichaamsverzorging.
FUCHSI Als een in Duitsland gevestigd merk van baby- en hygi√´neproducten ligt de tevredenheid van onze klanten ons bijzonder na aan het hart. Wij ondersteunen u graag zowel telefonisch als per e-mail. Aarzel niet om contact met ons op te nemen als je vragen hebt over Fuchsi producten.","[{'title': 'good quality', 'text': 'good quality', 'rating': 5.0}, {'title': 'Title not found', 'text': 'V√∂llig zufrieden, empfehlenswert', 'rating': 5.0}, {'title': 'Title not found', 'text': 'Francamente mal:Solo hay unos textos gen√©ricos en Alem√°n e Ingles en la caja. Ning√∫n tipo de instrucciones de uso.', 'rating': 1.0}, {'title': 'Title not found', 'text': 'P√ºnktlich, gut und schnell!', 'rating': 5.0}, {'title': 'Title not found', 'text': 'Gute Qualit√§t', 'rating': 4.0}, {'title': 'Title not found', 'text': 'Zur Stuhlerleichterung', 'rating': 5.0}]",4.3
"Yoga DiƒÖm≈ç≈Üd Pilate Strength Toy,klƒó√πr-willƒókƒó√πrig",23.99,The smooth head adapts to your hole shape.,[],0.0
"DAIKK ƒêld≈Ø Beginnerart√≠culo Con Su Pareja ujƒôr, sj·∏ëor rostt rostt sj rosttico Jgt Virtion Plƒù T–êpn Bt≈• n–êtt ¬® P in Femenin Hombre Relajaci√≥n",40.1,"Dise√±o Del Modo de Control Remoto: R√°pido Y Rico, Puede Usar el Control Remoto para Ajustar 10 Modos.
100% Impermeable: con un Dise√±o sin Costuras.
Carga: Carga R√°pida Usb, Lo Que Reduce el Problema Del Reemplazo Frecuente de la Bater√≠a.
La Forma Eest√° Dise√±ada para un Juego Seguro.
Embalaje Cuidadoso Respeta Tu Privacidad. la Informaci√≥n Confidencial Del Producto No Aparecera en el Embalaje Exterior",[],0.0
Inflatable Pl'√πg Kit √Än√¢les-Pl√∫g Silicone √Äm√†l Didos √ê√≠l'd? B-√ºtt Saxx for Women and Men,16.69,"Material: skin-friendly silicone. Made of non-toxic polymer materials, harmless and safe to use. Soft and elastic, no skin damage
‚ù§Rechargeable USB design: easy to clean for reuse. Quick and easy to charge with USB cable. Super elastic, durable, waterproof and reusable.
‚ù§ Powerful Multi-Speed Motor: The rechargeable multi-speed model is designed to please both partners.
‚ù§Best Gift: frosted texture with luxury packaging, definitely the best gift for boyfriend or husband; makes your life much more interesting
‚ù§ Multi-Speed & Strong Motor - The multi-speed rechargeable model with dual massagers is designed to please both partners.",[],0.0
Va Et Vient Silicone Realiste pour Femme G√∂n√¢les Btt Verre Petit Souple,19.84,"‚ù§„Äê10 modes„Äë- With 10 adjustable settings
USB Charging & Waterproof Design - You can enjoy it in the shower room, bedroom, etc.
Travel size and quiet - Weight about 100g, Sound < 50dB, Easily fit in your pocket.
Sanitary and easy to clean: you only need soap and water to clean and protect your health.
WARRANTY - We offer a 180-day return and exchange guarantee on this high quality massager.",[],0.0
Inflatable Pl'√πg Kit √Än√¢les-Pl√∫g Silicone √Äm√†l Didos √ê√≠l'd? B-√ºtt Saxx for Women and Men,16.35,"„ÄêUSB Rechargeable„ÄëEasy anywhere - Fast charging and prolonged use give you a constant flow of stimulation.
„Äê100% WATERPROOF„ÄëThe whole massager is waterproof, you can rinse it with water, so you can enjoy it carefree while showering or bathing, but the charging port must be closed beforehand.
„ÄêMulti VIBRING MODES„ÄëMulti kinds of vibration mode intensity massage can stimulate all parts and bring you a more pleasant feeling. Enjoy all kinds of pleasure, free yourself and enjoy the orgasm.
„ÄêHIGH QUALITY MEDICAL SILICONE„ÄëMasseur Flirt the benefits of elasticity, non-toxic, odorless and safe to use. It can make you feel like never before and bring you a lot of fun.
We offer the best confidential protection and the product is carefully packaged without any associated images or text.",[],0.0
"Durex 2-in-1 Aloe Vera Massage and Lubricant - For massages of the whole body and intimate areas, with massage applicator for easy application - 200 ml (colour of the package may vary)",6.49,"Package Contents: 200ml original is included Durex 2-in-1 aloe vera massage and lubricant
MORE SEX SEX PERIMENTS, MORE FUN: With its smooth and silky texture, the 2-in-1 water-based massage and lubricating gel is perfect for sensual body massages and pleasantly smooth sex
SELECTED INGREDIENTS: Thanks to its formula with nourishing aloe vera extracts and without the addition of fragrances and dyes, the gel is suitable for use all over the body and in the genital area
PROTING IT IS SEXY: No matter how much you love your sex, the 2-in-1 gel easily integrates into lovemaking ‚Äî whether as a massage gel or as a lubricant. It is suitable for condoms and can be used together with sex toys
WATERBASE FORMULA: The water-based experience gel is particularly easy to use as it does not stick, does not leave stains, soluble in water and is easy to wash off
PROVEN QUALITY: The bottle is made of 100% recycled plastic (excluding cap and label)","[{'title': 'Excellent product', 'text': 'Nice lub which it works well for massages too (it goes dry quite fast so not recommended just for massage). It also tastes and smells good. if you want to give a nice experience to your couple starting with a massage this is your product üòâ', 'rating': 5.0}, {'title': 'Excellent Product', 'text': 'I received the product on time, well package and good quality', 'rating': 5.0}, {'title': 'Werk goed', 'text': 'Mijn vrouw klinkte zeer tevreden dus 5/5', 'rating': 5.0}, {'title': 'Ontevreden', 'text': 'Het pakket is onverpakt aangekomen en dit is niet de eerste keer', 'rating': 1.0}, {'title': 'Voelt goed', 'text': 'Voelt goed maar zal maar geen video maken', 'rating': 5.0}, {'title': 'Prima', 'text': 'Precies zoals omschreven', 'rating': 5.0}, {'title': 'Title not found', 'text': 'Buen lubricante', 'rating': 5.0}, {'title': 'Title not found', 'text': 'G√∂r sitt jobb bra. Onlinepriset k√§nns lite dyrt, men jag har inte hittat n√•got alternativ lokalt √§n', 'rating': 5.0}, {'title': 'Title not found', 'text': ""Un peu ch√®re pour ce que c'est, bien qu'efficace."", 'rating': 5.0}, {'title': 'Title not found', 'text': 'Perfetto per massaggi sensuali veloce la consegna da provate altre fragranze', 'rating': 5.0}, {'title': 'Title not found', 'text': 'Es de calidad y con muy copo cunde mucho', 'rating': 5.0}]",4.4
"TISVY Waterproof attachment, quiet, portable, multiple modes of use",124.99,"Material: ABS and silicone.
Provides a powerful push mode.
The height and angle can be adjusted freely, it's up to you.
The base is fully upgraded, beautiful and practical.
We are here to serve you and hope that your shopping experience will be more enjoyable.",[],0.0
JOYDIVISION Original BIOglide anal lubricant 80ml I Lubricant 100% natural & vegan I Water-based lubricant I Organic lubricant suitable for latex condoms,9.57,"ORGANIC LUBRIANT - Our BIOglide anal lubricant combines elevated, long-lasting gliding with certified natural ingredients and lets your love life flourish in a pleasant way.
WATERBASED - The neutral BIO anal lubricant is water-based and therefore offers excellent gliding properties, does not leave annoying stains, does not stick and is easy to wipe clean.
100% NATURAL - The lubricant is free from synthetic fragrances and dyes and preservatives and is suitable for anal, vaginal and oral use as well as for use with condoms and lovetoys.
SKIN-FRIENDLY - The water-based lubricant has a silky, moisturizing texture and is very skin-friendly - the gel is vegan, pH optimized, water-soluble and fat-free.
BIOglide by JOYDIVISION - Our certified organic products are manufactured in Germany to the highest quality standards and are dermatologically tested.","[{'title': 'Title not found', 'text': 'Gutes Produkt. Angenehm. Riecht neutral.', 'rating': 5.0}, {'title': 'Title not found', 'text': 'Well that‚Äôs a silly question for a sexual lubricant, so here‚Äôs a silly answer, it makes a nice cherry flavoured to brush my teeth with.', 'rating': 5.0}, {'title': 'Title not found', 'text': 'Ottimo lubrificante ,io lo uso per lubrificare i bossoli per la ricarica munizioni , funziona alla grande e non mi tocca asciugare gli stessi in quando dopo poco il lubrificante si asciuga da solo evitandomi di perdere tempo .', 'rating': 5.0}, {'title': 'Title not found', 'text': ""produit convient tr√®s bien pour les actes qu'ils lui soit convi√©s‚Ä¶.doux et un parfum agr√©able ‚Ä¶adoucis vos jeux et vous prenez plaisir avec votre partenaire.je recommande"", 'rating': 5.0}, {'title': 'Title not found', 'text': 'Olor muy agradable  y f√°cil de usar .', 'rating': 5.0}]",4.3
Sex plug Debutant Small Bite Pl≈´g √Än√†le H√∂mme D√©b≈´t√†nt Silic√≥ne Pr√≥≈õt√†te V√Æbr√°t√©·ªçr ≈†im√∫l√°t√≥r Homm√´s Vƒ´br√≥-m√†≈õs√´≈´r Va and V√Æƒõnt Femm√© ƒÄ≈Ñus Plug,34.03,"The specially designed tapered tip is ideal for beginners and provides a smooth, relaxed entrance.
Easy to clean: clean with warm water and regular soap, then towel dry.
Very suitable for honeymoon gifts, wedding gifts, special day gifts, very suitable for a theme party, dance party, etc.
Portable: the size fits in your bag, so you can take it anywhere",[],0.0
Male Pl√∫g √Än√¢l√© Woman Lovely P-l-√π-g An√†-l-√™ per-l√™s An√†-l-√™s F√™m-me Hom-me D√™b-u-t√†nt Sili-con√™ V√Øb-r-√¢nt Gon-fl√¢ble M√¢-SS-EUR de P-Rost-√†te Pl√∫g B√ªtt Pl√ªg,33.94,"9 speeds The deep tissue massager has 9 modes
‚ù§ Customized design: perfect shape.Clitoris Massager, St√Æm√ºlate√∫r de Cl√Æt√≥r√Ædie√±,Pl√πg An√†l√™ Prost√†t√© MƒÅss√©ur 9 modes are available, USB charging, 100% waterproof
‚ù§ [Portable Charging] The electric massager is equipped with a high-quality rechargeable USB port, which can be quickly charged in 1.5 hours and supports 60 to 90 minutes of working time.
‚ù§ [Upgrade powerful low-noise motor] The hand massager uses a motor with unique noise reduction technology. Achieve a deep massage. (45 dB) The low noise level gives you.
‚ù§ [Ideal Portable Gift] This massage device is convenient to take with you to offices, swimming pools, gyms and other venues. As a gift, the device is perfect for everyone.",[],0.0
Male Pl√∫g √Än√¢l√© Woman Lovely P-l-√π-g An√†-l-√™ per-l√™s An√†-l-√™s F√™m-me Hom-me D√™b-u-t√†nt Sili-con√™ V√Øb-r-√¢nt Gon-fl√¢ble M√¢-SS-EUR de P-Rost-√†te Pl√∫g B√ªtt Pl√ªg,22.2,"9 speeds The deep tissue massager has 9 modes
‚ù§ Customized design: perfect shape.Clitoris Massager, St√Æm√ºlate√∫r de Cl√Æt√≥r√Ædie√±,Pl√πg An√†l√™ Prost√†t√© MƒÅss√©ur 9 modes are available, USB charging, 100% waterproof
‚ù§ [Portable Charging] The electric massager is equipped with a high-quality rechargeable USB port, which can be quickly charged in 1.5 hours and supports 60 to 90 minutes of working time.
‚ù§ [Upgrade powerful low-noise motor] The hand massager uses a motor with unique noise reduction technology. Achieve a deep massage. (45 dB) The low noise level gives you.
‚ù§ [Ideal Portable Gift] This massage device is convenient to take with you to offices, swimming pools, gyms and other venues. As a gift, the device is perfect for everyone.",[],0.0
"Metal B-√ºtt an-√¢l Pl-√πg √Äm√†l Luxury Diamond Design Butt Trainer Set for Women Men Beginners, Erotic Games pl·∫°y",16.27,"Each fitness ring is made with care and I believe it will bring you and your partner happiness.
Ergonomic design: in line with the elegant curve of the human body, ultra-flexible, flexible head, perfectly adapts to the contours of the body.
100% water resistant, can satisfy your deepest desires in the bath, shower or by the pool.
Elastic and stretchy Stretchy long enough to feel good on the skin no matter the size Incredibly easy to use The effect is a clear and effective improvement Well designed and to wear at will.
Please contact us if you have any questions.",[],0.0
"Metal B-√ºtt an-√¢l Pl-√πg √Äm√†l Luxury Diamond Design Butt Trainer Set for Women Men Beginners, Erotic Games pl·∫°y",24.21,"Each fitness ring is made with care and I believe it will bring you and your partner happiness.
Ergonomic design: in line with the elegant curve of the human body, ultra-flexible, flexible head, perfectly adapts to the contours of the body.
100% water resistant, can satisfy your deepest desires in the bath, shower or by the pool.
Elastic and stretchy Stretchy long enough to feel good on the skin no matter the size Incredibly easy to use The effect is a clear and effective improvement Well designed and to wear at will.
Please contact us if you have any questions.",[],0.0
"Metal B-√ºtt an-√¢l Pl-√πg √Äm√†l Luxury Diamond Design Butt Trainer Set for Women Men Beginners, Erotic Games pl·∫°y",15.09,"„ÄêUSB Rechargeable„ÄëEasy anywhere - Fast charging and prolonged use give you a constant flow of stimulation.
„Äê100% WATERPROOF„ÄëThe whole massager is waterproof, you can rinse it with water, so you can enjoy it carefree while showering or bathing, but the charging port must be closed beforehand.
„ÄêMulti VIBRING MODES„ÄëMulti kinds of vibration mode intensity massage can stimulate all parts and bring you a more pleasant feeling. Enjoy all kinds of pleasure, free yourself and enjoy the orgasm.
„ÄêHIGH QUALITY MEDICAL SILICONE„ÄëMasseur Flirt the benefits of elasticity, non-toxic, odorless and safe to use. It can make you feel like never before and bring you a lot of fun.
We offer the best confidential protection and the product is carefully packaged without any associated images or text.",[],0.0
Inflatable Pl'√πg Kit √Än√¢les-Pl√∫g Silicone √Äm√†l Didos √ê√≠l'd? B-√ºtt Saxx for Women and Men,23.73,"‚òÖDouble Penile Vibrating T-Shirt Ring Pleasure Ring Male Testicular Silicone Extensor
‚òÖ Waterproof elastic silicone compression rings for men
‚òÖ Sports designed for men for safety and durability. The devices can quickly add length and girth for maximum pleasure. This can limit blood reflux and allow him to come upright. You can have fun and bring it into your life.
‚òÖ Devices can quickly add length and girth for maximum enjoyment.
‚òÖ This can limit blood backflow and straighten it.",[],0.0
Metal B-√ºtt an-√¢l Pl-√πg Beginner Small Size Stainless Steel Am'al P'lu'gs For Men And Women,41.84,"The kit D'entra√Ænement And Silicone Marron Lisse Et Doux l √ª≈£≈£≈£≈£ l&g &l femme r√¥& √¥mm l&g l & gl g y xl l q
Material: silicone, not easy to deform and break. No harm to the human body and you will enjoy its elasticity and softness.
Easy to clean: clean with lukewarm water and normal soap, then dry with a towel.",[],0.0
[Œ§œÉŒ≥s]Mƒódicij≈õƒáhƒó mƒÖtƒóƒóƒó¬®iƒÖƒóƒó≈Ü tƒÖƒôƒô≈õƒáo≈õƒátƒó≈Ü ƒÜ√≥mf√≥ƒõƒõtƒÖbƒóƒóƒóƒó durable safe health ƒÖ≈ºƒóƒó≈Ü,24.99,Hard and smooth surface.,[],0.0
"Training Fitness Amazing Set Relaxtion Flexibable T√≥, 3Pcs",44.99,Hard and smooth surface.,[],0.0
- P·πõo»ô≈•a≈•e M·∫°ss·∫π√ºr P·πõo≈°t√•tƒ©q√∫e 6 Pcs/Set J√∏u√©ts Pour √Çd√∫l·π≠√©s V√Æbr√¥m√°sse√∫rs Pl√∫g √Än√¢l√© Femme D√©butante S√®xt√¥ys√© M·∫°ss·∫π√ºr Pl√∫g √Än√¢l√© S√®xt√¥√¥se ys√© Pl√¢√Ø sir Femme Homme Mas»ôagƒôr,21.0,"- Mat√©riel: Silicone, Pas Facile √Ä D√©former Et √Ä Casser. Il Est Inoffensif Pour Le Corps Humain, Et Vous Aimerez Son √âlasticit√© Et Sa Dsucemur.
- Id√©al Pour Les D√©butants, La Pointe Conique Sp√©cialement Con√ßue Offre Une Entr√©e Douce Et Relaxante.
- Facile √Ä Nettoys : Nettoys √Ä L'Eau Ti√®de Et Au Savon Ordinaire, Puis S√©cher Avec Une Serviette.
- Tr√®s Appropri√© Pour Les Cadeaux de Lune de Miel, Les Cadeaux de Mariage, Les Cadeaux D'Un Jour Sp√©cial, Tr√®s Appropri√© Pour Une Soir√©e D√©guis√©e √Ä Theme, Une Soir√©e Dansante, etc.
- Portable : La Taille Tient Dance Le Sac Et Il Est Pratique de Le Transporter N'Importe O√π.",[],0.0
Male Pl√∫g √Än√¢l√© Woman Lovely P-l-√π-g An√†-l-√™ per-l√™s An√†-l-√™s F√™m-me Hom-me D√™b-u-t√†nt Sili-con√™ V√Øb-r-√¢nt Gon-fl√¢ble M√¢-SS-EUR de P-Rost-√†te Pl√∫g B√ªtt Pl√ªg,25.43,"Remote control: Simple one-button design, easy to use.
Multi-vibration mode: Vibration modes, precise, powerful motor. Make your experience more exciting.
Multifunctional Massager - This massager has a powerful vibration motor that can stimulate 3 contact points on the back, stimulate sensitive areas of the back and give you more fun.
100% Waterproof Design: This means you don't have to stop having fun while bathing, you can even use it in swimming pools and the sea.
Material: medical grade silicone, odorless, not easily deformed or cracked. It does not harm the human body and you will enjoy its elasticity and softness.",[],0.0
"WDSMKL Leuke Glas Amal Kralen Plug Speelgoed, Waterdicht voor Vrouwen Beginner Training Kit WDSMKL",23.99,"‚ù§ Goed waterdicht ontwerp, kan in de badkamer of het zwembad worden gebruikt, kan met water worden gewassen.
‚ù§ Je kunt verwarmen of afkoelen om extra verrassingen te krijgen volgens je wensen.
‚ù§ Mooi kristalglas, biedt een zijdezacht gevoel voor comfort en lichaamsbeweging.
‚ù§ Veilig, niet giftig, geen geur, zeer geschikt voor beginners om je leven te verrijken.""",[],0.0
Inflatable Pl'√πg Kit √Än√¢les-Pl√∫g Silicone √Äm√†l Didos √ê√≠l'd? B-√ºtt Saxx for Women and Men,14.07,"‚òÖDouble Penile Vibrating T-Shirt Ring Pleasure Ring Male Testicular Silicone Extensor
‚òÖ Waterproof elastic silicone compression rings for men
‚òÖ Sports designed for men for safety and durability. The devices can quickly add length and girth for maximum pleasure. This can limit blood reflux and allow him to come upright. You can have fun and bring it into your life.
‚òÖ Devices can quickly add length and girth for maximum enjoyment.
‚òÖ This can limit blood backflow and straighten it.",[],0.0
"Metal B-√ºtt an-√¢l Pl-√πg √Äm√†l Luxury Diamond Design Butt Trainer Set for Women Men Beginners, Erotic Games pl·∫°y",20.0,"Each fitness ring is made with care and I believe it will bring you and your partner happiness.
Ergonomic design: in line with the elegant curve of the human body, ultra-flexible, flexible head, perfectly adapts to the contours of the body.
100% water resistant, can satisfy your deepest desires in the bath, shower or by the pool.
Elastic and stretchy Stretchy long enough to feel good on the skin no matter the size Incredibly easy to use The effect is a clear and effective improvement Well designed and to wear at will.
Please contact us if you have any questions.",[],0.0
"Pompon Nero con plug Lungo affusolato in acciaio, varie misure S",14.87,"Zwarte pompon met pluche lange halter van staal.
Maat S: lengte: 9 cm, diameter: 3 cm.
Maat M: lengte: 10 cm, diameter: 3,5 cm.
Maat L: lengte: 11 cm, diameter: 4 cm.
Origineel product van Bondagerie, verzending 100%",[],5.0
"Metal B-√ºtt an-√¢l Pl-√πg √Äm√†l Luxury Diamond Design Butt Trainer Set for Women Men Beginners, Erotic Games pl·∫°y",19.14,,[],0.0
"Metal B-√ºtt an-√¢l Pl-√πg √Äm√†l Luxury Diamond Design Butt Trainer Set for Women Men Beginners, Erotic Games pl·∫°y",34.14,,[],0.0
Inflatable Pl'√πg Kit √Än√¢les-Pl√∫g Silicone √Äm√†l Didos √ê√≠l'd? B-√ºtt Saxx for Women and Men,21.86,"Material: skin-friendly silicone. Made of non-toxic polymer materials, harmless and safe to use. Soft and elastic, no skin damage
‚ù§Rechargeable USB design: easy to clean for reuse. Quick and easy to charge with USB cable. Super elastic, durable, waterproof and reusable.
‚ù§ Powerful Multi-Speed Motor: The rechargeable multi-speed model is designed to please both partners.
‚ù§Best Gift: frosted texture with luxury packaging, definitely the best gift for boyfriend or husband; makes your life much more interesting
‚ù§ Multi-Speed & Strong Motor - The multi-speed rechargeable model with dual massagers is designed to please both partners.",[],0.0
"Metal B-√ºtt an-√¢l Pl-√πg √Äm√†l Luxury Diamond Design Butt Trainer Set for Women Men Beginners, Erotic Games pl·∫°y",22.96,"„ÄêUSB Rechargeable„ÄëEasy anywhere - Fast charging and prolonged use give you a constant flow of stimulation.
„Äê100% WATERPROOF„ÄëThe whole massager is waterproof, you can rinse it with water, so you can enjoy it carefree while showering or bathing, but the charging port must be closed beforehand.
„ÄêMulti VIBRING MODES„ÄëMulti kinds of vibration mode intensity massage can stimulate all parts and bring you a more pleasant feeling. Enjoy all kinds of pleasure, free yourself and enjoy the orgasm.
„ÄêHIGH QUALITY MEDICAL SILICONE„ÄëMasseur Flirt the benefits of elasticity, non-toxic, odorless and safe to use. It can make you feel like never before and bring you a lot of fun.
We offer the best confidential protection and the product is carefully packaged without any associated images or text.",[],0.0
Inflatable Pl'√πg Kit √Än√¢les-Pl√∫g Silicone √Äm√†l Didos √ê√≠l'd? B-√ºtt Saxx for Women and Men,23.77,"‚òÖDouble Penile Vibrating T-Shirt Ring Pleasure Ring Male Testicular Silicone Extensor
‚òÖ Waterproof elastic silicone compression rings for men
‚òÖ Sports designed for men for safety and durability. The devices can quickly add length and girth for maximum pleasure. This can limit blood reflux and allow him to come upright. You can have fun and bring it into your life.
‚òÖ Devices can quickly add length and girth for maximum enjoyment.
‚òÖ This can limit blood backflow and straighten it.",[],0.0
"Metal B-√ºtt an-√¢l Pl-√πg √Äm√†l Luxury Diamond Design Butt Trainer Set for Women Men Beginners, Erotic Games pl·∫°y",24.21,,[],0.0
Inflatable Pl'√πg Kit √Än√¢les-Pl√∫g Silicone √Äm√†l Didos √ê√≠l'd? B-√ºtt Saxx for Women and Men,14.91,"Material: skin-friendly silicone. Made of non-toxic polymer materials, harmless and safe to use. Soft and elastic, no skin damage
‚ù§Rechargeable USB design: easy to clean for reuse. Quick and easy to charge with USB cable. Super elastic, durable, waterproof and reusable.
‚ù§ Powerful Multi-Speed Motor: The rechargeable multi-speed model is designed to please both partners.
‚ù§Best Gift: frosted texture with luxury packaging, definitely the best gift for boyfriend or husband; makes your life much more interesting
‚ù§ Multi-Speed & Strong Motor - The multi-speed rechargeable model with dual massagers is designed to please both partners.",[],0.0
Glasses God Anal Woman DeButant √∏d¬ß Woman √´x li≈õte Large XXL √∏d√©ihets enuse √©l√Øste od√´≈õ for Woman,35.74,"‚ù§100% Brand New, Smooth Firm Silicone, Jewelry Ornament.
‚ù§Safe, non-toxic and odourless. Ideal for beginners - Enrich your sex life.
‚ù§The surface is very smooth, comfortable and easy to insert.
‚ù§Ces plugs anaux constituent un excellent cadeau pour quelqu'un qui aimera les porter.",[],0.0
"Metal B-√ºtt an-√¢l Pl-√πg √Äm√†l Luxury Diamond Design Butt Trainer Set for Women Men Beginners, Erotic Games pl·∫°y",16.85,,[],0.0
Inflatable Pl'√πg Kit √Än√¢les-Pl√∫g Silicone √Äm√†l Didos √ê√≠l'd? B-√ºtt Saxx for Women and Men,28.33,"‚òÖDouble Penile Vibrating T-Shirt Ring Pleasure Ring Male Testicular Silicone Extensor
‚òÖ Waterproof elastic silicone compression rings for men
‚òÖ Sports designed for men for safety and durability. The devices can quickly add length and girth for maximum pleasure. This can limit blood reflux and allow him to come upright. You can have fun and bring it into your life.
‚òÖ Devices can quickly add length and girth for maximum enjoyment.
‚òÖ This can limit blood backflow and straighten it.",[],0.0
Male Pl√∫g √Än√¢l√© Woman Lovely P-l-√π-g An√†-l-√™ per-l√™s An√†-l-√™s F√™m-me Hom-me D√™b-u-t√†nt Sili-con√™ V√Øb-r-√¢nt Gon-fl√¢ble M√¢-SS-EUR de P-Rost-√†te Pl√∫g B√ªtt Pl√ªg,36.96,"Remote control: Simple one-button design, easy to use.
Multi-vibration mode: Vibration modes, precise, powerful motor. Make your experience more exciting.
Multifunctional Massager - This massager has a powerful vibration motor that can stimulate 3 contact points on the back, stimulate sensitive areas of the back and give you more fun.
100% Waterproof Design: This means you don't have to stop having fun while bathing, you can even use it in swimming pools and the sea.
Material: medical grade silicone, odorless, not easily deformed or cracked. It does not harm the human body and you will enjoy its elasticity and softness.",[],0.0
Metal B-√ºtt an-√¢l Pl-√πg Beginner Small Size Stainless Steel Am'al P'lu'gs For Men And Women,58.2,"Prost√†t√© Trainer Plug √Än√¢le ?√†ss√©ur Prost√†t√© Stimulator for Men, Prost√†t√© Simulator √≠brom√†ss√©ur S√©xt√≥y An√†l√© Plug ?√Æbrant Femme Pair Silicone
Stylish and unique design, ergonomic, suitable for most people, so you can spend a good night
User-friendly, fun and changeable: take you to a world you never thought of
Easy to carry, enjoy more romance anytime, anywhere. The perfect gift for you and your lover, suitable for beginners and lovers
Portable: The size fits in the bag and is convenient to carry anywhere.",[],0.0
"Metal B-√ºtt an-√¢l Pl-√πg √Äm√†l Luxury Diamond Design Butt Trainer Set for Women Men Beginners, Erotic Games pl·∫°y",18.73,,[],0.0
